search_key,search_time,keyword,article_index,title,url,snippet,ai_summary
바이브코딩 피로감-202602121441,2026-02-12 14:41:48.096534,바이브코딩 피로감,1,뉴스 10페이지 | 팩플 - 중앙일보,https://www.joongang.co.kr/factpl/news?page=10,심지어 '바이브 코딩' 덕에 개발 지식이 없는 비(非) 개발자들까지 같은 자리를 ... 피로감을 드러냈다. 미성년자 보호자들 사이에서는 숏폼(짧은 영상) 콘텐트를,"다음 뉴스 기사들의 핵심 내용은 다음과 같습니다:

*   '바이브 코딩'은 자연어로 명령하면 인공지능(AI)이 프로그램 코드를 짜주는 소프트웨어 개발 기술을 의미합니다. 이는 '느낌으로 코딩하는 시대'를 열며, 오픈AI 공동창업자 안드레이 카르파티가 이 용어를 처음 제시했습니다.
*   영국 영어사전 콜린스 사전은 2025년 '올해의 단어'로 AI가 코드를 생성하는 '바이브 코딩'을 선정했습니다. 콜린스는 이를 우리와 기술 간 진화하는 관계의 근본을 포착한 용어로 평가했습니다.
*   바이브 코딩은 개발 지식이 없는 비개발자들도 앱을 만들 수 있게 하여 AI가 일상의 모든 것을 보조하는 광범위한 문화적 변동을 보여줍니다. 하지만 전문가들 사이에서는 이것이 혁신적인지 무모한 것인지 논쟁이 벌어지고 있습니다.
*   일부에서는 바이브 코딩으로 인해 누구나 쉽게 앱을 만들 수 있게 되면서 경쟁 심화와 서비스 이탈로 인한 피로감이 발생할 수 있다는 우려도 제기됩니다."
바이브코딩 피로감-202602121441,2026-02-12 14:41:48.096534,바이브코딩 피로감,2,팩플 10페이지 | 중앙일보,https://www.joongang.co.kr/factpl?page=10,... 바이브 코딩으로 월 100만 원씩 꽂히는 앱을 여러 개 만든다해도 결국 경쟁자에 ... 피로감을 느끼고 서비스에서 이탈할 가능성이 높아진다. 피츠의 법칙(Fitts's,"다음 뉴스 기사들의 핵심 내용은 다음과 같습니다:

*   '바이브 코딩'은 자연어로 명령하면 인공지능(AI)이 프로그램 코드를 짜주는 소프트웨어 개발 기술을 의미합니다. 이는 '느낌으로 코딩하는 시대'를 열며, 오픈AI 공동창업자 안드레이 카르파티가 이 용어를 처음 제시했습니다.
*   영국 영어사전 콜린스 사전은 2025년 '올해의 단어'로 AI가 코드를 생성하는 '바이브 코딩'을 선정했습니다. 콜린스는 이를 우리와 기술 간 진화하는 관계의 근본을 포착한 용어로 평가했습니다.
*   바이브 코딩은 개발 지식이 없는 비개발자들도 앱을 만들 수 있게 하여 AI가 일상의 모든 것을 보조하는 광범위한 문화적 변동을 보여줍니다. 하지만 전문가들 사이에서는 이것이 혁신적인지 무모한 것인지 논쟁이 벌어지고 있습니다.
*   일부에서는 바이브 코딩으로 인해 누구나 쉽게 앱을 만들 수 있게 되면서 경쟁 심화와 서비스 이탈로 인한 피로감이 발생할 수 있다는 우려도 제기됩니다."
바이브코딩 피로감-202602121441,2026-02-12 14:41:48.096534,바이브코딩 피로감,3,신혜원 기자 - JTBC 뉴스,https://news.jtbc.co.kr/journalist/302,... 피로감이 쌓이거든요. 그리고 지금 우리가 뭐 주가지수가 높고 이렇지만 사실 ... 바이브 코딩 얘기를 하면서 말로 하면 코드를 짜주는. 예전에 입스타라는 게,"다음 뉴스 기사들의 핵심 내용은 다음과 같습니다:

*   '바이브 코딩'은 자연어로 명령하면 인공지능(AI)이 프로그램 코드를 짜주는 소프트웨어 개발 기술을 의미합니다. 이는 '느낌으로 코딩하는 시대'를 열며, 오픈AI 공동창업자 안드레이 카르파티가 이 용어를 처음 제시했습니다.
*   영국 영어사전 콜린스 사전은 2025년 '올해의 단어'로 AI가 코드를 생성하는 '바이브 코딩'을 선정했습니다. 콜린스는 이를 우리와 기술 간 진화하는 관계의 근본을 포착한 용어로 평가했습니다.
*   바이브 코딩은 개발 지식이 없는 비개발자들도 앱을 만들 수 있게 하여 AI가 일상의 모든 것을 보조하는 광범위한 문화적 변동을 보여줍니다. 하지만 전문가들 사이에서는 이것이 혁신적인지 무모한 것인지 논쟁이 벌어지고 있습니다.
*   일부에서는 바이브 코딩으로 인해 누구나 쉽게 앱을 만들 수 있게 되면서 경쟁 심화와 서비스 이탈로 인한 피로감이 발생할 수 있다는 우려도 제기됩니다."
바이브코딩 피로감-202602121441,2026-02-12 14:41:48.096534,바이브코딩 피로감,4,느낌으로 코딩하는 시대! 영국 콜린스 올해의 단어로 '바이브 코딩' 선정,https://kids.donga.com/news/articleView.html?idxno=167371,"'바이브(Vibe)'는 분위기, 느낌이라는 뜻. 즉 바이브 코딩은 '느낌으로 하는 코딩', '말로 만드는 프로그래밍'을 표현한 말이에요. 예전에는 영어와 숫자","다음 뉴스 기사들의 핵심 내용은 다음과 같습니다:

*   '바이브 코딩'은 자연어로 명령하면 인공지능(AI)이 프로그램 코드를 짜주는 소프트웨어 개발 기술을 의미합니다. 이는 '느낌으로 코딩하는 시대'를 열며, 오픈AI 공동창업자 안드레이 카르파티가 이 용어를 처음 제시했습니다.
*   영국 영어사전 콜린스 사전은 2025년 '올해의 단어'로 AI가 코드를 생성하는 '바이브 코딩'을 선정했습니다. 콜린스는 이를 우리와 기술 간 진화하는 관계의 근본을 포착한 용어로 평가했습니다.
*   바이브 코딩은 개발 지식이 없는 비개발자들도 앱을 만들 수 있게 하여 AI가 일상의 모든 것을 보조하는 광범위한 문화적 변동을 보여줍니다. 하지만 전문가들 사이에서는 이것이 혁신적인지 무모한 것인지 논쟁이 벌어지고 있습니다.
*   일부에서는 바이브 코딩으로 인해 누구나 쉽게 앱을 만들 수 있게 되면서 경쟁 심화와 서비스 이탈로 인한 피로감이 발생할 수 있다는 우려도 제기됩니다."
바이브코딩 피로감-202602121441,2026-02-12 14:41:48.096534,바이브코딩 피로감,5,英콜린스 올해의 단어에 AI가 코드 짜는 '바이브 코딩' - 연합뉴스,https://www.yna.co.kr/view/AKR20251106166200085,"# 英콜린스 올해의 단어에 AI가 코드 짜는 '바이브 코딩'

송고2025-11-06 20:18

송고 2025년11월06일 20시18분

영국 영어사전 콜린스 사전이 '2025 올해의 단어'에 자연어로 명령하면 인공지능이 프로그램 코드를 짜는 소프트웨어 개발 기술을 가리키는 '바이브 코딩'을 선정했다고 6일 밝혔다.

콜린스는 ""우리와 기술 간 진화하는 관계에 대한 근본을 포착한 용어""라며 ""전문가들은 이를 두고 혁신적인지 무모한 것인지 논쟁을 벌이지만, 실리콘밸리를 넘어 AI가 일상의 모든 것을 보조하는 광범위한 문화적 변동을 보여준다""고 설명했다.

바이브 코딩 외에 콜린스가 최종 후보에 올린 단어에는 영화 '스타워즈' 시리즈에서 컴퓨터나 로봇, AI 소프트웨어를 비하하는 데 사용된 말인 '클랭커'와 같이 기술과 그로 인한 사회 변화를 담은 말이 상당수였다.

김지연
AI 일러스트

[로이터 연합뉴스 자료사진 재판매 및 DB 금지]

(런던=연합뉴스) 김지연 특파원 = 영국 영어사전 콜린스 사전이 '2025 올해의 단어'에 자연어로 명령하면 인공지능(AI)이 프로그램 코드를 짜는 소프트웨어 개발 기술을 가리키는 '바이브 코딩'(Vibe coding)을 선정했다고 6일(현지시간) 밝혔다.

바이브 코딩은 ""이런저런 기능을 넣어 할 일 목록 앱 만들어줘"", ""이 웹페이지를 좀 더 시원한 분위기로 고쳐줘"" 등 자연어 프롬프트를 넣으면 AI가 코드를 작성해주는 신기술이다. 오픈AI 공동창업자 안드레이 카르파티가 이 용어를 처음 제시했다. [...] 트럼프 취임식의 저커버그, 베이조스, 피차이, 머스크

[EPA 연합뉴스 자료사진 재판매 및 DB 금지]

겉보기에 카리스마 넘치는 페르소나를 만들어내는 '아우라 파밍'(aura farming), 일터에서 일하지 않으면서 일하는 것처럼 보이려 하는 '태스크마스킹'(taskmasking), 자아실현과 재충전을 위한 휴직 '마이크로 은퇴'(micro-retirement)도 최종 후보에 올랐다.

고소득인데도 부자가 되지 못한 사람을 가리키는 '헨리'(HENRY·high earner, not rich yet), 건강 개선을 위해 신체의 자연적 과정을 바꾸려는 노력인 '바이오해킹'(biohacking), 기후변화에 따른 피서 '쿨케이션'(coolcation)도 포함됐다.

콜린스는 최종 후보들을 두고 ""AI와 기술을 받아들이는 동시에 저항하는 근본적 긴장을 보여준다""고 풀이했다.

cherora@yna.co.kr

제보는 카카오톡 okjebo
<저작권자(c) 연합뉴스,
무단 전재-재배포, AI 학습 및 활용 금지>

2025/11/06 20:18 송고
2025년11월06일 20시18분 송고

### 핫뉴스 [...] 카르파티는 올해 2월 엑스(X·옛 트위터)에서 본인이 이런 방식을 많이 쓰고 이를 바이브 코딩으로 부른다고 소개하면서 ""바이브(분위기)에 다 내어주고 코드가 존재한다는 사실조차 잊는 것""이라고 설명했다.

그러면서 ""프로젝트나 웹앱을 만들고 있지만 진짜 코딩은 아니다""며 ""그저 보고 말하고 돌리고 '복붙'(copy paste)하는데 그게 대체로 통한다""고도 썼다.

콜린스는 ""우리와 기술 간 진화하는 관계에 대한 근본을 포착한 용어""라며 ""전문가들은 이를 두고 혁신적인지 무모한 것인지 논쟁을 벌이지만, 실리콘밸리를 넘어 AI가 일상의 모든 것을 보조하는 광범위한 문화적 변동을 보여준다""고 설명했다.

바이브 코딩 외에 콜린스가 최종 후보에 올린 단어에는 영화 '스타워즈' 시리즈에서 컴퓨터나 로봇, AI 소프트웨어를 비하하는 데 사용된 말인 '클랭커'(clanker)와 같이 기술과 그로 인한 사회 변화를 담은 말이 상당수였다.

도널드 트럼프 미국 대통령의 취임식에 일론 머스크, 제프 베이조스, 마크 저커버그 등 테크업계 억만장자가 줄줄이 참석한 이후 정치적 영향력을 행사하는 억만장자를 가리키는 말인 '브롤리가키'(broligarchy)도 올해 자주 쓰였다.

트럼프 취임식의 저커버그, 베이조스, 피차이, 머스크

[EPA 연합뉴스 자료사진 재판매 및 DB 금지]","다음 뉴스 기사들의 핵심 내용은 다음과 같습니다:

*   '바이브 코딩'은 자연어로 명령하면 인공지능(AI)이 프로그램 코드를 짜주는 소프트웨어 개발 기술을 의미합니다. 이는 '느낌으로 코딩하는 시대'를 열며, 오픈AI 공동창업자 안드레이 카르파티가 이 용어를 처음 제시했습니다.
*   영국 영어사전 콜린스 사전은 2025년 '올해의 단어'로 AI가 코드를 생성하는 '바이브 코딩'을 선정했습니다. 콜린스는 이를 우리와 기술 간 진화하는 관계의 근본을 포착한 용어로 평가했습니다.
*   바이브 코딩은 개발 지식이 없는 비개발자들도 앱을 만들 수 있게 하여 AI가 일상의 모든 것을 보조하는 광범위한 문화적 변동을 보여줍니다. 하지만 전문가들 사이에서는 이것이 혁신적인지 무모한 것인지 논쟁이 벌어지고 있습니다.
*   일부에서는 바이브 코딩으로 인해 누구나 쉽게 앱을 만들 수 있게 되면서 경쟁 심화와 서비스 이탈로 인한 피로감이 발생할 수 있다는 우려도 제기됩니다."
코덱스-202602121457,2026-02-12 14:57:02.071273,코덱스,1,한·미 개발 '태양 대기 관측장비' 오는 5일 우주로 발사 - 경향신문,https://www.khan.co.kr/article/202411011205001,"코덱스는 ISS 외부에 부착돼 운영될 예정이다. 코덱스는 원통형으로 생긴 본체와 부대 장비로 구성돼 있는데 가로와 세로는 1.5ｍ, 높이는 1.3ｍ다. 중량은 220㎏이다.

코덱스는 태양 대기의 가장 바깥층인 코로나를 관측하는 데에 특화된 장비다. 코로나는 온도가 100만~500만도에 이르는데 태양 표면(6000도)보다 월등히 뜨겁다. 그 이유는 아직 밝혀지지 않았다.

코로나의 비밀이 충분히 벗겨지지 않은 데에는 이유가 있다. 관측이 쉽지 않아서다. 태양 표면인 ‘광구’가 코로나에 비해 너무 밝기 때문에 개기일식 때를 제외하면 코로나를 관측하기가 어렵다. 개기일식처럼 인공적으로 태양 표면을 가려야 코로나를 볼 수 있는데, 그 역할을 우주에서 코덱스가 한다. 하늘에 뜬 해를 바라보고 싶을 때, 눈 근처로 가져가는 손과 같은 역할을 코덱스가 수행하는 셈이다.

이 때문에 코덱스를 이용하면 개기일식 여부와 상관없이 코로나를 상시 관측하는 일이 가능하다. 연구진은 코덱스로 태양 코로나의 형상은 물론 기존에는 관측이 어려웠던 세밀한 온도 자료 등도 측정할 예정이다.

우주항공청은 코덱스를 통해 코로나에서 방출되는 전기를 띤 물질의 흐름인 ‘태양풍’ 연구에도 속도가 붙을 것으로 보고 있다. 태양풍은 지상이나 지구 궤도를 도는 전자장비에 이상을 일으킬 수 있다. [...] # 창간 80주년 경향신문

한·미 개발 ‘태양 대기 관측장비’ 오는 5일 우주로 발사

경향신문

공유하기

카카오톡

페이스북

X

URL 복사

이메일

보기 설정

글자 크기

보통

크게

아주 크게

컬러 모드

라이트

다크

베이지

그린

컬러 모드

라이트

다크

베이지

그린

본문 요약

내 뉴스플리에 저장

# 한·미 개발 ‘태양 대기 관측장비’ 오는 5일 우주로 발사

입력 2024.11.01 12:05

수정 2024.11.01 13:40

태양 코로나 관측용 ‘코덱스’, 로켓 이송

고도 400㎞ 국제우주정거장 외벽에 설치

코로나 특징 우주에서 상시 확인 가능

한·미 연구진이 개발한 태양 대기 관측용 장비인 코덱스(오른쪽 사진)와 코덱스가 설치될 국제우주정거장(ISS) 외벽의 위치. 우주항공청 제공

한·미 연구진이 개발한 태양 대기 관측용 장비인 코덱스(오른쪽 사진)와 코덱스가 설치될 국제우주정거장(ISS) 외벽의 위치. 우주항공청 제공

한국과 미국이 함께 개발한 우주 관측 장비인 ‘태양 코로나그래프(CODEX·코덱스)’가 오는 5일 지구 궤도로 발사된다. 코덱스는 태양 대기의 특징을 우주 공간에서 관찰하고 분석할 수 있는 장비로, 국제우주정거장(ISS)에 설치될 예정이다.

우주항공청은 1일 한국천문연구원과 미국 항공우주국(NASA)이 공동 개발한 코덱스가 한국시간으로 오는 5일 오전 11시29분 미국 플로리다주 케네디우주센터에서 발사될 예정이라고 밝혔다. 코덱스는 미국 민간기업 스페이스X의 팰컨9 발사체에 실려 고도 약 400㎞의 ISS로 올라간다. [...] 코덱스 이전에도 우주에 코로나 그래프가 올라간 일은 있다. 하지만 현재는 장비가 노후화돼 있다. 대표적으로 미국과 유럽이 함께 쏜 코로나 그래프인 ‘LASCO’는 1995년 발사된 태양 관측 위성 ‘SOHO’에 탑재돼 있다. 코덱스는 이 분야에서는 최신 장비가 되는 셈이다.

강현우 우주청 우주과학탐사 임무설계프로그램장은 “우주청은 코덱스를 통해 태양 연구와 우주 날씨 예측 분야에서 한국이 강국으로 도약하도록 최선을 다하겠다”고 밝혔다.

이정호 기자

이정호 기자

산업부

글자 크기 설정

보통

크게

아주 크게

컬러 모드 설정

라이트

다크

베이지

그린

공유하기

카카오톡

페이스북

X

URL 복사

이메일

### 주요 기사

### 더 깊이, 더 넓게 보는 기사

점선면

매일 아침 '점선면'이  
뉴스의 맥락과 관점을 정리해드려요!

뉴스레터를 구독해주셔서 감사합니다.

![바뀐 것과 바뀌지 않은 것 [플랫]](

플랫

![[금주의 B컷]알록달록 꽃들 사이 맨발로 맞이하는 봄](

사진금주의 B컷

![[인터랙티브] 불법계엄의 재구성](//img.khan.co.kr/ranking/khan/mobile/MAInteractive/1268_1767820409_A1R2lVCXGyn55dGP.png)

인터랙티브

### 지금 많이 보는 기사

### 읽어볼 만한 기사

더 적게 읽고, 더 많이 아는 점선면

### 뉴스룸 PICK

### 에디터 PICK

![[이창진의 우주로 읽는 과학]누리호 성공에 기술·경제만 관심…‘문화’ 담아야 우주개발 역량 커진다](","다음은 뉴스 기사들의 핵심 내용을 요약한 것입니다. (오픈AI 관련 기사는 주제와 무관하여 제외했습니다.)

*   **한·미 공동 개발 태양 관측 장비 '코덱스(CODEX)' 발사 및 도킹:** 한국천문연구원과 NASA가 공동 개발한 태양 코로나그래프 '코덱스'가 11월 5일 스페이스X 팰컨9에 실려 발사되었고, 같은 날 국제우주정거장(ISS)에 성공적으로 도킹했습니다. 이는 ISS 외부에 부착되어 태양 코로나를 관측하게 됩니다.
*   **상시 코로나 관측 가능 및 첨단 기술 탑재:** 코덱스는 인공 가리개를 통해 태양 표면의 강한 빛을 차단하여, 개기일식 여부와 상관없이 태양 코로나를 상시 관측할 수 있습니다. 특히 천문연이 개발한 편광 카메라를 활용해 코로나의 형상뿐 아니라 온도, 밀도, 태양풍의 속도 등 세밀한 정보를 측정합니다.
*   **미지의 코로나 비밀 규명 목표:** 태양 표면보다 훨씬 뜨거운(100만~500만도) 코로나의 고온 가열 원인과 태양풍 가속 비밀 등, 아직 밝혀지지 않은 태양 코로나의 미스터리를 풀어내는 것이 주요 임무입니다.
*   **우주 날씨 예측 및 대비에 기여:** 코덱스의 관측 자료는 코로나에서 방출되는 태양풍으로 인한 우주 날씨 변화를 정확히 예측하는 데 활용될 예정입니다. 이는 인공위성 통신 및 지상 전자장비의 장애를 대비하고, 우주 비행사나 극지방 주민의 방사선 노출 위험을 줄이는 데 도움을 줍니다.
*   **장기 임무와 한국의 위상 강화:** 코덱스는 1개월간의 시험 운영을 거쳐 최대 2년간 ISS가 지구를 한 바퀴 도는 90분 주기 중 55분간 태양을 관측할 계획입니다. 이번 성공적인 임무를 통해 태양 연구와 우주 날씨 예측 분야에서 한국의 위상이 높아질 것으로 기대됩니다."
코덱스-202602121457,2026-02-12 14:57:02.071273,코덱스,2,한미 공동 개발 '코로나그래프' 성공적 발사… 코로나의 비밀 파헤친다,https://kids.donga.com/news/articleView.html?idxno=164203,"그런데 코덱스를 활용하면 이 같은 문제를 해결할 수 있지요. 코덱스에는 우주에서 태양 표면의 밝은 빛을 막을 수 있도록 동그란 가리개가 장착됐어요. 언제든지 인공적(사람의 힘으로 만든)으로 개기일식을 일으킬 수 있는 것. 개기일식은 자주 발생하지 않는데다가 단 몇 분간만 지속되는데, 코덱스를 활용하면 이런 것을 신경 쓰지 않고 언제든 코로나를 볼 수 있어요.

코덱스에 탑재된 핵심 부품 가운데 카메라에 특히 시선이 쏠려요. 천문연이 개발한 ‘편광카메라’가 바로 그것. 편광은 특정한 방향으로 진동하는 빛을 말해요. 천문연은 서로 다른 네 개의 각도에서 비추는 편광을 동시에 촬영할 수 있는 카메라를 개발하고 코덱스에 적용했어요. 우주에서 이 같은 기술이 활용되는 것은 이번이 처음.

이런 기술을 바탕으로 코덱스는 태양 반경(반지름)의 3∼10배에 이르는, 넓은 영역에서의 코로나의 온도와 밀도는 물론이고 코로나에서 부는 바람의 속도까지 한꺼번에 측정해요. 앞으로 코덱스는 1개월 간 시험 운영을 거친 뒤 ISS가 지구를 한 바퀴 도는 주기인 90분 가운데 55분간 태양을 관측하는 임무를 최대 2년 간 수행하게 돼요.

태양 표면의 빛이 가려져야 포착할 수 있는 우주 현상인 코로나. NASA 제공

코로나 관측이 중요한 이유는? [...] 어린이동아
어린이동아

# 한미 공동 개발 ‘코로나그래프’ 성공적 발사… 코로나의 비밀 파헤친다

## 태양의 비밀을 파헤쳐라!

한국천문연구원과 NASA가 함께 개발한 ‘코로나그래프(코덱스·CODEX)’가 시험 가동되고 있는 모습. 한국천문연구원 제공

한국과 미국이 태양의 비밀을 풀기 위해 공동으로 개발한 ‘코로나그래프(코덱스·CODEX)’가 국제우주정거장(ISS)에 성공적으로 도착했어요. 코덱스는 미지(아직 알지 못함)의 영역인 태양의 ‘코로나’를 관측하기 위해 한국천문연구원(아래 천문연)과 미국 항공우주국(NASA·나사)이 함께 개발한, 특별한 망원경.

태양 대기의 가장 바깥에 있는 가스층인 코로나는 그 밝기는 태양 표면보다 어둡지만 온도는 100만∼500만 도로, 태양 표면의 온도(약 6000도)보다 훨씬 뜨겁지요. 단, 그 원인에 대해서는 밝혀진 바가 없기에 코덱스가 숙제를 풀기 위해 우주로 보내진 것. 코덱스에 어떤 특수한 기술이 적용되었는지, 코덱스의 임무가 중요한 이유는 무엇인지에 대해 알아보아요.

개기일식 만들어 코로나 수시로 관측

그동안 코로나를 지구에서 관측하기 위해서는 개기일식(태양이 달에 완전히 가려 보이지 않는 현상) 같은 현상에 의존해야 했어요. 태양의 표면에 비해 코로나가 매우 어둡기 때문. [...] 코로나 관측이 중요한 이유는?

태양에서는 지금도 끊임없이 우주 공간으로 플라스마라는 전하(물체가 띠는 정전기의 양)를 띤 입자가 뿜어져 나오고 있어요. 그리고 이 입자의 흐름을 태양에서 부는 바람이라는 의미로 태양풍이라고 해요. 태양풍은 태양의 표면에서는 초속 수십㎞ 정도로 불지만 코로나를 지나면서 매우 빠른 속도로 변해요. 초속 수백㎞에 이르기도 하지요. 문제는 이런 빠른 속도의 태양풍이 지구에까지 영향을 미쳐 인간의 삶에도 지장을 준다는 것. 그래서 코로나를 관측해 코로나의 원인 등에 대한 비밀을 풀고자 하는 것이지요.

강력한 태양풍은 지구 궤도(다른 천체의 주위를 돌면서 그리는 일정한 곡선의 길)를 도는 인공위성이 정상적으로 작동하지 못하게 해요. 위성과 지구와의 통신이 끊기는 등의 문제가 발생하지요. 아예 위성이 안정적인 궤도에 진입하지 못하게 막기도 해요. 실제로 지난 2022년 일론 머스크가 이끄는 우주 기업인 스페이스X는 인터넷 사업을 위해 인공위성 49개를 쏘아 올렸지만, 태양풍이 강하게 부는 바람에 위성 대부분이 궤도에 도착하지 못하고 추락하는 사고가 발생하기도 했어요.

코로나에서 고에너지의 입자들이 갑자기 방출(내보냄)될 때 태양 방사선(방사성 원소가 붕괴될 때 나오는 물질로 인체에 해를 끼침)이 지구로 들어오게 되는 문제도 있어요. 마찬가지로 코로나를 관측해야 하는 이유가 되지요. 주로 방사선을 막는 자기장(자기력이 작용하는 공간)이 얇은 극지방에 사는 사람과 이곳을 지나는 항로(비행기가 지나는 하늘의 길)를 자주 이용하는 승무원이 방사선에 노출될 위험이 커요.

ND소프트","다음은 뉴스 기사들의 핵심 내용을 요약한 것입니다. (오픈AI 관련 기사는 주제와 무관하여 제외했습니다.)

*   **한·미 공동 개발 태양 관측 장비 '코덱스(CODEX)' 발사 및 도킹:** 한국천문연구원과 NASA가 공동 개발한 태양 코로나그래프 '코덱스'가 11월 5일 스페이스X 팰컨9에 실려 발사되었고, 같은 날 국제우주정거장(ISS)에 성공적으로 도킹했습니다. 이는 ISS 외부에 부착되어 태양 코로나를 관측하게 됩니다.
*   **상시 코로나 관측 가능 및 첨단 기술 탑재:** 코덱스는 인공 가리개를 통해 태양 표면의 강한 빛을 차단하여, 개기일식 여부와 상관없이 태양 코로나를 상시 관측할 수 있습니다. 특히 천문연이 개발한 편광 카메라를 활용해 코로나의 형상뿐 아니라 온도, 밀도, 태양풍의 속도 등 세밀한 정보를 측정합니다.
*   **미지의 코로나 비밀 규명 목표:** 태양 표면보다 훨씬 뜨거운(100만~500만도) 코로나의 고온 가열 원인과 태양풍 가속 비밀 등, 아직 밝혀지지 않은 태양 코로나의 미스터리를 풀어내는 것이 주요 임무입니다.
*   **우주 날씨 예측 및 대비에 기여:** 코덱스의 관측 자료는 코로나에서 방출되는 태양풍으로 인한 우주 날씨 변화를 정확히 예측하는 데 활용될 예정입니다. 이는 인공위성 통신 및 지상 전자장비의 장애를 대비하고, 우주 비행사나 극지방 주민의 방사선 노출 위험을 줄이는 데 도움을 줍니다.
*   **장기 임무와 한국의 위상 강화:** 코덱스는 1개월간의 시험 운영을 거쳐 최대 2년간 ISS가 지구를 한 바퀴 도는 90분 주기 중 55분간 태양을 관측할 계획입니다. 이번 성공적인 임무를 통해 태양 연구와 우주 날씨 예측 분야에서 한국의 위상이 높아질 것으로 기대됩니다."
코덱스-202602121457,2026-02-12 14:57:02.071273,코덱스,3,"한·미 공동개발한 태양 망원경, 우주정거장 도킹 - 중앙일보",https://www.joongang.co.kr/article/25290139,"‘코덱스’(CODEX)

‘코덱스’(CODEX)

우주항공청(KASA)은 지난 5일 오전 11시 29분(한국시간) 미국 플로리다 케네디우주센터에서 발사된 CODEX가 12시간만인 같은 날 오후 11시 52분 성공적으로 국제우주정거장(ISS)에 도킹했다고 6일 발표했다. CODEX는 오는 9일부터 11일까지 사흘에 걸쳐 미 항공우주국(나사·NASA)의 로봇 팔에 의해 ISS에 설치된다. 이후 1개월간 시험운영을 거쳐 6개월에서 최대 2년까지 ISS에서 태양을 관측할 계획이다.

CODEX는 한국천문연구원(천문연)과 나사가 2017년부터 공동 개발한 태양 관측 특수 망원경이다. 두 기관은 망원경의 운용과 관리도 함께 한다. 나사는 CODEX의 ISS 설치와 운영을 담당하고, 천문연은 CODEX의 원격 정보 수신과 관측을 담당한다. CODEX는 ISS가 90분간 지구를 한 바퀴 도는 궤도 주기 동안, 최대 55분간 태양을 관측하는 임무를 수행한다.

CODEX를 활용하면 그간 관측이 어려웠던 태양 대기의 가장 바깥 부분인 ‘코로나(corona)’를 쉽게 관측할 수 있다. 그동안 태양의 바깥 표면은 밝기가 강해 지상에서 관측이 어려웠다. 그래서 나사가 과거 두 차례(1995년, 2006년) 우주에 발사한 태양 관측 망원경(코로나그래프)이 코로나 모양을 촬영해 지상으로 보냈고, 지상에 있는 과학자가 이를 분석했다. CODEX는 코로나의 모양뿐만 아니라, 관측이 어려웠던 온도와 속도를 동시에 측정한 뒤 2차원 영상으로 구현할 수 있는 기술을 탑재했다. [...] 중앙일보

간편 로그인하고 한결 더 편리해진   
나만의 중앙일보를 경험해보세요.

중앙일보 지면 그대로, 뉴스의 큰 그림 그대로 지면보기 이용안내

중앙일보를 만나는 또다른 방법

자동 검색 기능이 작동 중 입니다.

검색어 저장 기능이 꺼져있습니다.

AI 검색은 일반 키워드 검색과는 다르게 문장으로  
질문해주세요. AI가 질문의 의도를 파악해서 참고기사와 함께  
원하는 답변을 해드려요.

![[오늘의 운세] 2월 12일](
![김건희 ""입당하면 날 지켜줄 수 있나?""…이준석에 던진 괴질문 [실록 윤석열 시대2]](
""매일밤 위스키에 이것 탄다""…88세 황동규 시인의 ‘뇌 보약’
![[속보] 국힘 내부 만류에…장동혁, 李대통령 오찬 안 간다](
배우 정은우, 40세 나이로 사망…전날 SNS에 올린 의미심장 글

1
읽는 중

글자크기 설정 시 다른 기사의 본문도  
 동일하게 적용됩니다.

# 한·미 공동개발한 태양 망원경, 우주정거장 도킹

입력

종합 16면

![태양 코로나그래프 ‘코덱스’(CODEX 아래 사진)가 지난 5일 스페이스X 팰컨9에 실려 발사되는 모습. [연합뉴스]](

태양 코로나그래프 ‘코덱스’(CODEX 아래 사진)가 지난 5일 스페이스X 팰컨9에 실려 발사되는 모습. [연합뉴스]

한국과 미국이 공동 개발한 태양 관측 특수 망원경 ‘태양 코로나그래프(CODEX)’가 국제우주정거장(ISS)에 도착했다. 태양풍이 야기하는 각종 우주 날씨 변화를 더 정확하게 예측하기 위한 장비다. 향후 위성통신과 전파통신 장애를 대비하는 데 도움을 줄 전망이다.

‘코덱스’(CODEX) [...] CODEX가 관측한 자료는 우주날씨를 예측하는 데 활용된다. 우주날씨는 우주 공간에서 발생하는 환경 변화로, 태양에서 발생하는 태양풍으로부터 영향을 받는다. 특히 강력한 태양풍인 ‘태양폭풍’이 지구의 자기장과 충돌하면 우주 내 인공위성 통신뿐만 아니라, 지구의 전자장비에도 오류가 발생해 전파통신 등 장애가 생길 수 있다. 더 자세하게 코로나를 관측할 수 있게 되면 이 같은 우주 날씨 변화를 더 정확하게 예측할 수 있다.

강현우 KASA 우주과학탐사 임무설계프로그램장은 “차세대 코로나그래프인 CODEX의 성공적인 발사는 태양 활동에 기인한 우주 환경 예보와 관련 연구에 있어 중대한 진전”이라며 “우주 과학 분야에서 한국의 위상이 한층 높아졌다”고 밝혔다.

윤상언 기자 youn.sangun@joongang.co.kr","다음은 뉴스 기사들의 핵심 내용을 요약한 것입니다. (오픈AI 관련 기사는 주제와 무관하여 제외했습니다.)

*   **한·미 공동 개발 태양 관측 장비 '코덱스(CODEX)' 발사 및 도킹:** 한국천문연구원과 NASA가 공동 개발한 태양 코로나그래프 '코덱스'가 11월 5일 스페이스X 팰컨9에 실려 발사되었고, 같은 날 국제우주정거장(ISS)에 성공적으로 도킹했습니다. 이는 ISS 외부에 부착되어 태양 코로나를 관측하게 됩니다.
*   **상시 코로나 관측 가능 및 첨단 기술 탑재:** 코덱스는 인공 가리개를 통해 태양 표면의 강한 빛을 차단하여, 개기일식 여부와 상관없이 태양 코로나를 상시 관측할 수 있습니다. 특히 천문연이 개발한 편광 카메라를 활용해 코로나의 형상뿐 아니라 온도, 밀도, 태양풍의 속도 등 세밀한 정보를 측정합니다.
*   **미지의 코로나 비밀 규명 목표:** 태양 표면보다 훨씬 뜨거운(100만~500만도) 코로나의 고온 가열 원인과 태양풍 가속 비밀 등, 아직 밝혀지지 않은 태양 코로나의 미스터리를 풀어내는 것이 주요 임무입니다.
*   **우주 날씨 예측 및 대비에 기여:** 코덱스의 관측 자료는 코로나에서 방출되는 태양풍으로 인한 우주 날씨 변화를 정확히 예측하는 데 활용될 예정입니다. 이는 인공위성 통신 및 지상 전자장비의 장애를 대비하고, 우주 비행사나 극지방 주민의 방사선 노출 위험을 줄이는 데 도움을 줍니다.
*   **장기 임무와 한국의 위상 강화:** 코덱스는 1개월간의 시험 운영을 거쳐 최대 2년간 ISS가 지구를 한 바퀴 도는 90분 주기 중 55분간 태양을 관측할 계획입니다. 이번 성공적인 임무를 통해 태양 연구와 우주 날씨 예측 분야에서 한국의 위상이 높아질 것으로 기대됩니다."
코덱스-202602121457,2026-02-12 14:57:02.071273,코덱스,4,"수익 모델 급한 오픈AI, AI 에이전트 지휘하는 '코덱스 앱' 출시 - YTN",https://www.ytn.co.kr/_ln/0104_202602030546196631,오픈AI는 애플의 맥 운영체제(OS) 컴퓨터에서 동작하는 AI 에이전트 관리 도구 '코덱스 앱'을 출시한다고 밝혔습니다. 오픈AI의 이전 '코덱스'가 단순히,"다음은 뉴스 기사들의 핵심 내용을 요약한 것입니다. (오픈AI 관련 기사는 주제와 무관하여 제외했습니다.)

*   **한·미 공동 개발 태양 관측 장비 '코덱스(CODEX)' 발사 및 도킹:** 한국천문연구원과 NASA가 공동 개발한 태양 코로나그래프 '코덱스'가 11월 5일 스페이스X 팰컨9에 실려 발사되었고, 같은 날 국제우주정거장(ISS)에 성공적으로 도킹했습니다. 이는 ISS 외부에 부착되어 태양 코로나를 관측하게 됩니다.
*   **상시 코로나 관측 가능 및 첨단 기술 탑재:** 코덱스는 인공 가리개를 통해 태양 표면의 강한 빛을 차단하여, 개기일식 여부와 상관없이 태양 코로나를 상시 관측할 수 있습니다. 특히 천문연이 개발한 편광 카메라를 활용해 코로나의 형상뿐 아니라 온도, 밀도, 태양풍의 속도 등 세밀한 정보를 측정합니다.
*   **미지의 코로나 비밀 규명 목표:** 태양 표면보다 훨씬 뜨거운(100만~500만도) 코로나의 고온 가열 원인과 태양풍 가속 비밀 등, 아직 밝혀지지 않은 태양 코로나의 미스터리를 풀어내는 것이 주요 임무입니다.
*   **우주 날씨 예측 및 대비에 기여:** 코덱스의 관측 자료는 코로나에서 방출되는 태양풍으로 인한 우주 날씨 변화를 정확히 예측하는 데 활용될 예정입니다. 이는 인공위성 통신 및 지상 전자장비의 장애를 대비하고, 우주 비행사나 극지방 주민의 방사선 노출 위험을 줄이는 데 도움을 줍니다.
*   **장기 임무와 한국의 위상 강화:** 코덱스는 1개월간의 시험 운영을 거쳐 최대 2년간 ISS가 지구를 한 바퀴 도는 90분 주기 중 55분간 태양을 관측할 계획입니다. 이번 성공적인 임무를 통해 태양 연구와 우주 날씨 예측 분야에서 한국의 위상이 높아질 것으로 기대됩니다."
코덱스-202602121457,2026-02-12 14:57:02.071273,코덱스,5,"태양 비밀 풀 코로나그래프, 5일 발사…한·미 공동 개발 | 연합뉴스",https://www.yna.co.kr/view/AKR20241101050300017,"# 태양 비밀 풀 코로나그래프, 5일 발사…한·미 공동 개발

송고2024-11-01 10:07

송고 2024년11월01일 10시07분

우주항공청과 한국천문연구원은 미국 항공우주국(NASA)과 공동 개발한 태양 코로나그래프(코덱스·CODEX)가 한국시간으로 5일 오전 11시 29분 미국 플로리다주 케네디 우주센터에서 발사된다고 1일 밝혔다.

코덱스는 태양 코로나 형상뿐 아니라 온도와 속도를 동시 측정해 2차원 영상으로 구현할 수 있어 태양 연구 난제인 코로나 가열과 태양풍 가속 비밀을 풀 것으로 기대받고 있다.

조승한
국제우주정거장에 탑재되는 코덱스

[우주항공청 제공. 재판매 및 DB 금지]

(서울=연합뉴스) 조승한 기자 = 우주항공청과 한국천문연구원은 미국 항공우주국(NASA)과 공동 개발한 태양 코로나그래프(코덱스·CODEX)가 한국시간으로 5일 오전 11시 29분 미국 플로리다주 케네디 우주센터에서 발사된다고 1일 밝혔다.

코로나그래프는 밝기가 태양 표면의 백만분의 1 이하인 태양 대기의 가장 바깥 영역인 코로나(corona)를 관측할 수 있는 망원경이다.

코덱스는 태양 코로나 형상뿐 아니라 온도와 속도를 동시 측정해 2차원 영상으로 구현할 수 있어 태양 연구 난제인 코로나 가열과 태양풍 가속 비밀을 풀 것으로 기대받고 있다.

![[그래픽] 국제우주정거장용 태양 코로나 망원경 '코로나그래프'](//img2.yna.co.kr/etc/graphic/YH/2024/11/01/GYH2024110100080004400_P4.jpg) [...] (서울=연합뉴스) 김민지 기자 = minfo@yna.co.kr  
 X(트위터) @yonhap\_graphics 페이스북 tuney.kr/LeYN1

코덱스는 지난 7월 29일부터 8월 2일까지 발사 전 기능 점검을 마쳤으며, 현재 스페이스X의 발사체 팰컨9에 탑재돼 발사를 기다리고 있다.

코덱스는 발사 후 국제우주정거장(ISS)에 설치되는 데 약 1주일이 걸릴 예정이다.

발사 13시간 후 코덱스를 실은 화물선이 ISS에 도킹하고, 이후 로봇팔을 통해 국제우주정거장 외부탑재체 플랫폼(ELC3-3)에 설치된다.

이후 ISS가 지구를 한 바퀴 도는 90분 중 55분씩 관측을 수행하게 된다.

코덱스 임무 운영과 관제는 NASA 고다드 우주비행센터에서 수행하며 천문연은 원격으로 정보를 수신하고 모니터링한다.

강현우 우주청 우주과학탐사임무설계프로그램장은 ""코덱스 임무를 성공적으로 수행하고 태양 연구와 우주 날씨 예측 분야에서 강국으로 도약할 수 있도록 최선을 다하겠다""고 말했다.

shjo@yna.co.kr

제보는 카카오톡 okjebo
<저작권자(c) 연합뉴스,
무단 전재-재배포, AI 학습 및 활용 금지>

2024/11/01 10:07 송고
2024년11월01일 10시07분 송고

### 핫뉴스 [...] ©2026 Yonhapnews Agency

다양한 채널에서 연합뉴스를 만나보세요!

국제우주정거장에 탑재되는 코덱스

[우주항공청 제공. 재판매 및 DB 금지]

![[그래픽] 국제우주정거장용 태양 코로나 망원경 '코로나그래프'](

(서울=연합뉴스) 김민지 기자 = minfo@yna.co.kr  
 X(트위터) @yonhap\_graphics 페이스북 tuney.kr/LeYN1

국제우주정거장에 탑재되는 코덱스
![[그래픽] 국제우주정거장용 태양 코로나 망원경 '코로나그래프'](","다음은 뉴스 기사들의 핵심 내용을 요약한 것입니다. (오픈AI 관련 기사는 주제와 무관하여 제외했습니다.)

*   **한·미 공동 개발 태양 관측 장비 '코덱스(CODEX)' 발사 및 도킹:** 한국천문연구원과 NASA가 공동 개발한 태양 코로나그래프 '코덱스'가 11월 5일 스페이스X 팰컨9에 실려 발사되었고, 같은 날 국제우주정거장(ISS)에 성공적으로 도킹했습니다. 이는 ISS 외부에 부착되어 태양 코로나를 관측하게 됩니다.
*   **상시 코로나 관측 가능 및 첨단 기술 탑재:** 코덱스는 인공 가리개를 통해 태양 표면의 강한 빛을 차단하여, 개기일식 여부와 상관없이 태양 코로나를 상시 관측할 수 있습니다. 특히 천문연이 개발한 편광 카메라를 활용해 코로나의 형상뿐 아니라 온도, 밀도, 태양풍의 속도 등 세밀한 정보를 측정합니다.
*   **미지의 코로나 비밀 규명 목표:** 태양 표면보다 훨씬 뜨거운(100만~500만도) 코로나의 고온 가열 원인과 태양풍 가속 비밀 등, 아직 밝혀지지 않은 태양 코로나의 미스터리를 풀어내는 것이 주요 임무입니다.
*   **우주 날씨 예측 및 대비에 기여:** 코덱스의 관측 자료는 코로나에서 방출되는 태양풍으로 인한 우주 날씨 변화를 정확히 예측하는 데 활용될 예정입니다. 이는 인공위성 통신 및 지상 전자장비의 장애를 대비하고, 우주 비행사나 극지방 주민의 방사선 노출 위험을 줄이는 데 도움을 줍니다.
*   **장기 임무와 한국의 위상 강화:** 코덱스는 1개월간의 시험 운영을 거쳐 최대 2년간 ISS가 지구를 한 바퀴 도는 90분 주기 중 55분간 태양을 관측할 계획입니다. 이번 성공적인 임무를 통해 태양 연구와 우주 날씨 예측 분야에서 한국의 위상이 높아질 것으로 기대됩니다."
시댄스 2.0-202602121503,2026-02-12 15:03:33.235284,시댄스 2.0,1,中바이트댄스 영상 AI모델 화제…목소리 구현에 무단학습 의혹도,https://www.yna.co.kr/amp/view/AKR20260211082300009,"# 中바이트댄스 영상 AI모델 화제…목소리 구현에 무단학습 의혹도

송고2026-02-11 12:06

송고 2026년02월11일 12시06분

## '사진 한장으로 동영상 제작' 시댄스2.0…""영화·TV에 '특이점' 온 듯""

## ""낮은 이용 장벽에 높은 품질""…미중 AI격차 축소 속 中서 주식 랠리

[글로벌타임스 캡처. 재판매 및 DB금지]

(서울=연합뉴스) 권숙희 기자 = 중국의 '인터넷 공룡' 기업인 바이트댄스가 출시한 인공지능(AI) 영상 생성 모델 '시댄스2.0'(Seedance2.0)이 화제를 일으키고 있다.

사진 한 장과 간단한 프롬프트(명령어)만으로도 자연스러운 동영상 제작이 가능한 데 대해 글로벌 숏폼 플랫폼 '틱톡'의 모기업인 바이트댄스가 이용자 데이터를 무단으로 학습한 것 아니냐는 의혹도 제기됐다.

11일 AFP·블룸버그통신과 중국 관영 영자지 글로벌타임스 등에 따르면 바이트댄스는 AI 영상 생성 모델 '시댄스2.0'을 제한적인 테스트 모드로 지난 7일 출시했다.

출시된 지 불과 며칠 만에 시댄스2.0을 활용해 제작한 콘텐츠가 소셜미디어를 휩쓸기 시작했다고 이 매체들은 전했다.

지난해 '저비용 고성능' AI 모델인 '딥시크'를 내놓아 전 세계를 충격에 빠트린 중국에서 1년 만에 '낮은 이용 장벽에 높은 품질'을 보장하는 AI 영상 생성 모델이 출시되며 주목받고 있다. [...] AFP는 스위스에 본사를 둔 컨설팅업체 'CTOL 디지털 솔루션즈'의 분석을 인용해 ""시댄스2.0은 현재 이용 가능한 가장 진보한 AI 영상 생성 모델""이라며 ""실전 테스트에서 오픈AI의 소라2와 구글의 베오3.1을 능가했다고 밝혔다.

그러면서 ""시각적인 품질을 높이는 수준을 넘어 기존에 숙련된 전문가들만이 할 수 있던 편집 영역까지 자동화시켰다는 점에서 영상 생성 역량의 근본적인 전환을 의미한다""고 덧붙였다.

게임이나 광고, 숏폼 등 영상을 창작할 때 전문가 도움이 별로 필요하지 않은 시대가 벌써 왔을 수도 있다는 이야기다.

그만큼 낮아진 이용 장벽은 영상 창작의 대중화가 본격적으로 자리 잡을 수 있는 신호로도 해석됐다.

카이위안 증권의 팡광자오가 이끄는 애널리스트 팀은 보고서에서 ""바이트댄스의 새로운 앱이 업계 전반에서 평가와 논의를 촉발했다""며 ""영화와 TV 분야에서 '특이점'(singularity) 순간이 온 것일 수도 있다""고 썼다.

이어 ""텍스트·이미지·영상·오디오 등의 입력을 지원하는 실제 테스트 결과가 인상적""이라며 ""핵심 역량에서도 돌파구를 만들어냈다""고 덧붙였다.

'특이점'이란 미국의 미래학자인 레이 커즈와일이 저서 '특이점이 온다'(2005년)에서 제시한 개념이다. 2029년 기계가 인간 수준의 지능에 도달하고 2045년에는 인간과 기계가 완전히 융합되는 '특이점'이 올 것이라고 전망했다.

시댄스2.0 출시 이후 중국 주식시장에서는 관련 기업들의 랠리가 촉발됐다고 블룸버그는 짚었다. [...] 시댄스2.0 출시 이후 중국 주식시장에서는 관련 기업들의 랠리가 촉발됐다고 블룸버그는 짚었다.

숏폼 드라마 플랫폼을 운영하는 'COL 그룹'은 상한가인 20%를 찍었고, 상하이필름과 게임·엔터테인먼트 '퍼펙트월드'는 각각 10%씩 상승했다.

시댄스2.0의 반향에 고무된 중국은 관영매체를 통해 미중 간 AI 기술 격차가 현저하게 줄어들고 있다는 점을 부각했다.

글로벌타임스는 ""중국과 서방의 AI 영상 모델 간 격차는 민망할 정도이며, 미국에서 공개된 어떤 것보다 두 세대는 앞서 보인다""는 등 중국의 기술 발전을 극찬하는 내용의 네티즌 반응을 소개했다.

이 매체는 또 시댄스2.0뿐만 아니라 알리바바의 AI모델 '큐원'(Qwen)과 텐센트의 원스톱 AI 만화·애니메이션 설루션 등을 소개하며 ""중국이 세계 AI 무대의 전면에서 부상하고 있다""고 강조했다.

아울러 시댄스2.0.과 같은 자국 기술의 발전이 글로벌 기술 우위 추구에서 머무르지 않고 콘텐츠 제작 영역에서의 우위까지 넘볼 것으로 전망했다.

왕펑 중국 베이징사회과학원 부연구원은 글로벌타임스에 ""이러한 발전은 중국 기업과 글로벌 거대 기업 간의 경쟁을 넘어서는 것""이라며 ""중국의 숏폼 영상 생태계와 데이터 이점을 동력으로 글로벌 콘텐츠 제작 구조를 재편한다는 의미""라고 말했다.

이 정도로 놀라운 성능이라는 긍정적 평가 뒤에는 바이트댄스가 데이터를 무단으로 학습했을 것이라는 의혹도 나왔다.

일부 이용자들은 시댄스2.0이 이용자의 목소리를 허락 없이 재현하고 가상의 이미지를 실재하는 대상에 기반해 생성해낸다는 점 등을 지적했다.","다음 뉴스 기사들의 핵심 내용을 한국어로 요약했습니다:

*   중국 바이트댄스가 사진 한 장과 간단한 프롬프트만으로 자연스러운 동영상을 생성하는 AI 모델 '시댄스 2.0'을 출시하여 화제입니다. 이는 영화·TV 산업에 '특이점'을 가져올 수 있다는 평가를 받습니다.
*   '시댄스 2.0'은 낮은 이용 장벽과 높은 품질로 '가성비 쇼크'를 주며, 오픈AI의 소라2 등 경쟁 모델보다 앞선 성능을 보여준다는 분석이 나왔습니다. 이로 인해 중국 관련 기업들의 주식 랠리가 촉발되기도 했습니다.
*   중국 관영 매체들은 '시댄스 2.0'의 출시를 통해 미중 간 AI 기술 격차가 현저히 줄어들고 있으며, 중국이 글로벌 AI 무대 전면에 부상하고 있다고 강조했습니다.
*   그러나 '시댄스 2.0'이 글로벌 숏폼 플랫폼 틱톡 이용자 데이터를 무단으로 학습하여 사용자의 목소리를 허락 없이 재현하고 가상 이미지를 생성한다는 의혹이 제기되었습니다.
*   특히, 얼굴 사진만 제공했음에도 AI가 목소리를 찾아내 더빙하고 사진 속 인물의 배경 정보까지 알고 있었다는 구체적인 주장이 나와 무단 정보 수집 논란이 커지고 있습니다."
시댄스 2.0-202602121503,2026-02-12 15:03:33.235284,시댄스 2.0,2,중국 딥시크 이어 '시댄스 쇼크'...무단 정보 수집 의혹도 - YTN,https://m.ytn.co.kr/news_view.amp.php?version=1&param=0104_202602112050143279,"[앵커]   
 틱톡의 모기업인 중국 바이트댄스가 AI 동영상 제작 모델인 ’시댄스 2.0’을 출시했습니다.  
   
 지난해 ’딥시크’에 이은 ’가성비 쇼크’라는 평가와 함께 이용자 데이터 무단 학습 의혹도 제기됩니다.  
   
 베이징 강정규 특파원입니다.  
   
 [기자]   
 중국 유명 밀크티 체인 ’미쉐빙청’의 대형 마스코트가 상하이 동방명주 앞에 나타납니다.  
   
 곧이어 스타벅스를 비롯한 외국계 커피 전문점 앞치마를 두른 로봇들과 결투를 벌입니다.  
   
 지난 7일, 틱톡의 모기업 바이트댄스가 출시한 ’시댄스 2.0’으로 만든 애니메이션입니다.  
   
 20초짜리 고화질 영상을 만드는 데 걸린 시간은 단 3분.  
   
 중국어와 영어는 물론 한국어까지 9개 언어를 지원하고 입 모양도 맞춰줍니다.  
   
 [시댄스(Seedance) 2.0 제작 영상 : 총 맞은 것처럼, 정신이 너무 없어]  
   
 콘텐츠 제작 업계는 5초짜리 영상을 만드는 비용을 1,000원 남짓으로 낮출 수 있을 거라고 기대합니다.  
   
 지난해 ’딥시크’에 이어 인공지능 AI 개발 역사에 또다시 ’가성비 쇼크’를 주고 있다는 평가입니다.  
   
 영문 관영지 글로벌타임스는 중국이 세계 AI 무대의 전면에 떠오르고 있다고 치켜세웠습니다.  
   
 그러나 일각에선 바이트댄스가 이용자 정보를 허락 없이 쓴 흔적을 발견했다는 주장도 나왔습니다.  
   
 한 남성이 세계 각지를 순간 이동하며 둘러 보는 영상, [...] 한 남성이 세계 각지를 순간 이동하며 둘러 보는 영상,  
   
 [시댄스(Seedance) 2.0 제작 영상 : 우린 지금 도서관이에요. 조용해야 합니다.]  
   
 얼굴 사진만을 줬을 뿐인데, 시댄스가 자신의 목소리까지 찾아내 더빙했다는 겁니다.  
   
 [판톈훙 / ’미디어스톰(MediaStorm)’ 창립자 : 이거 무섭지 않나요? 그리고 가장 소름끼치는 건 목소리뿐만 아니라, 제가 올린 사진이 이렇게 나왔단 겁니다. 알려주지도 않았는데, 제 뒤에 뭐가 있는지 알고 있었어요.]  
   
 전 세계 20억 명이 쓰는 틱톡의 무단 정보 수집 논란에 재차 불똥이 튈 수도 있는 대목입니다.  
   
 베이징에서 YTN 강정규입니다.  
   
   
   
 ※ ’당신의 제보가 뉴스가 됩니다’  
 [카카오톡] YTN 검색해 채널 추가  
 [전화] 02-398-8585  
 [메일] social@ytn.co.kr [...] [저작권자(c) YTN 무단전재, 재배포 및 AI 데이터 활용 금지]

많이 본 뉴스

 1 ""쿠팡 성인용품 구매자 3천명 선별해 협박""...쿠팡 측 ""사실무근""
 2 내년 하사 월급 300만원...""카페 알바 수준"" 논란에 6% 인상
 3 오늘 이상민 '계엄 단전·단수' 1심 선고...생중계 예정
 4 장동혁 불참에 오찬 무산...청와대 ""소통 기회 놓쳐 유감""
 5 민희진, 하이브 상대 260억 주식소송 승소

HOT 연예 스포츠

 [[Y초점] '1인 법인 운영 논란' 김선호, 이번에도 정면돌파 선택…비판 여론 돌릴까](
 '매니저 갑질·주사 이모 논란' 박나래, 12일 경찰 출석
 [[단독] 김성균, '프로모터' 주연 캐스팅…이하늬·박지훈과 호흡](
 [김길리 넘어뜨린 미국 선수 사과...잇단 실수엔 빙질 언급 [앵커리포트]](

 '하나뿐인 내편' 배우 정은우, 사망 비보…향년 40세
 '아기가 생겼어요', 호평 속 반환점 돌았다…최진혁, 글로벌 팬 콜 진행
 임윤아, 연기력·화제성 모두 증명한 ‘2026 비저너리’ 주인공
 중국 선수 스케이트 날에 목 베였던 선수, 기적의 올림픽 복귀

 '운명전쟁49', 49인 운명술사 공개…계엄 예측 무당부터 대기업 차장 출신까지
 [[단독] 이채민, 드라마 '내가 죽기로 결심한 것은' 주인공…'폭군' 이어 열일](
 '아이유 간첩설' 퍼트린 악플러, 벌금형 선고
 김길리와 충돌한 美 선수, 한국인들 악플 테러에 댓글창 닫아

지금 이뉴스","다음 뉴스 기사들의 핵심 내용을 한국어로 요약했습니다:

*   중국 바이트댄스가 사진 한 장과 간단한 프롬프트만으로 자연스러운 동영상을 생성하는 AI 모델 '시댄스 2.0'을 출시하여 화제입니다. 이는 영화·TV 산업에 '특이점'을 가져올 수 있다는 평가를 받습니다.
*   '시댄스 2.0'은 낮은 이용 장벽과 높은 품질로 '가성비 쇼크'를 주며, 오픈AI의 소라2 등 경쟁 모델보다 앞선 성능을 보여준다는 분석이 나왔습니다. 이로 인해 중국 관련 기업들의 주식 랠리가 촉발되기도 했습니다.
*   중국 관영 매체들은 '시댄스 2.0'의 출시를 통해 미중 간 AI 기술 격차가 현저히 줄어들고 있으며, 중국이 글로벌 AI 무대 전면에 부상하고 있다고 강조했습니다.
*   그러나 '시댄스 2.0'이 글로벌 숏폼 플랫폼 틱톡 이용자 데이터를 무단으로 학습하여 사용자의 목소리를 허락 없이 재현하고 가상 이미지를 생성한다는 의혹이 제기되었습니다.
*   특히, 얼굴 사진만 제공했음에도 AI가 목소리를 찾아내 더빙하고 사진 속 인물의 배경 정보까지 알고 있었다는 구체적인 주장이 나와 무단 정보 수집 논란이 커지고 있습니다."
시댄스 2.0-202602121503,2026-02-12 15:03:33.235284,시댄스 2.0,3,'말'에서 '영상'으로… 美-中 경쟁 '이미지 AI'로 확전 - 동아일보,https://www.donga.com/news/Inter/article/all/20260212/133349196/2,"추천 검색어는 많이 본 뉴스 기사의 키워드를 수집하여 선정하였습니다.

# ‘말’에서 ‘영상’으로… 美-中 경쟁 ‘이미지 AI’로 확전

공유하기

글자크기 설정

최지원 기자 사진

산업1부

세상을 바꾸는 과학 기술을 취재합니다. 남녀노소 누구나 쉽고 재미있게 과학 기술을 이해할 수 있는 기사를 쓰겠습니다.

## 中 틱톡 모회사가 만든 ‘시댄스2.0’ 2분짜리 SF영화 7만원으로 제작 알리바바도 가성비 이미지 AI 출시 시장 선점 美 구글-오픈AI에 도전장

## 트렌드뉴스

### 장동혁, 오늘 靑오찬 전격 불참…‘법사위 단독처리’ 등 항의

### 주가 1000원 미만 ‘동전주’ 상장폐지…코스닥 퇴출 늘어난다

### “김건희 입니다…죄 많은 저에게도 사랑 주시는 분들” 옥중편지

### 조희대 “재판소원 국민에 엄청난 피해”…與 강행처리에 반기

### 鄭, 김어준 업고 합당 패착… 張, 고성국·전한길 입김에 ‘절윤’ 외면

### 모텔 남성 연쇄살해 혐의 20대女 “사망할 줄 몰랐다”

### 민희진, 하이브서 255억 받는다…‘풋옵션 소송’ 1심 승소

### ‘♥한영’ 박군, 땡잡았다

### 日홋카이도 해수욕장서 모래 파묻힌 한국인 시신 발견

### LG家 상속소송, 구광모 승소…故구본무 아내·딸 청구 기각

### 장동혁, 오늘 靑오찬 전격 불참…‘법사위 단독처리’ 등 항의

### [김순덕 칼럼]이재명 대통령은 격노하지 않았다

### 조희대 “재판소원 국민에 엄청난 피해”…與 강행처리에 반기

### 장동혁 “등 뒤에 칼 숨기고 악수 청하는데 응할 수 없어” [...] 국중박, ‘블랙핑크’로 물든다…K팝 아티스트 최초 협업

### 국중박, ‘블랙핑크’로 물든다…K팝 아티스트 최초 협업

김준호·김지민 금슬 폭발…무속인 “2세 금방 생겨”

### 김준호·김지민 금슬 폭발…무속인 “2세 금방 생겨”

쌩쌩 나는 韓스노보드…최가온·이채운, 나란히 하프파이프 결선행

### 쌩쌩 나는 韓스노보드…최가온·이채운, 나란히 하프파이프 결선행

황재균, SM C&C와 전속계약…강호동·전현무와 한솥밥

### 황재균, SM C&C와 전속계약…강호동·전현무와 한솥밥

린지본 ‘라스트댄스’ 좌절에도 엄지 척…“세번째 수술 성공”

### 린지본 ‘라스트댄스’ 좌절에도 엄지 척…“세번째 수술 성공”

제76회 베를린영화제 개막…배두나 심사위원·홍상수 신작 초청

### 제76회 베를린영화제 개막…배두나 심사위원·홍상수 신작 초청

장영란 “억대 투자 사기 당해…원금도 못 받아”

### 장영란 “억대 투자 사기 당해…원금도 못 받아”

### 연재 칼럼

#### 사설

구독

##### [사설]청년고용률 5년來 최저… 李 ‘고용 유연성’ 발언 주목한다

황형준의 법정모독

#### 황형준의 법정모독

구독

##### 한동훈 “지자체장 선거 나간다 생각, 전혀 해본 적 없어” [황형준의 법정모독]

#### 딥다이브

구독

##### 서울 67배 땅 빼앗아 무상급식? 인도네시아가 ‘손절’ 당하는 이유[딥다이브]

정미경의 이런영어 저런미국

#### 정미경의 이런영어 저런미국

구독

##### “이제 그만” 상대국 정상의 말도 자르는 트럼프식 무례 화법[정미경의 이런영어 저런미국] [...] ### 조희대 “재판소원 국민에 엄청난 피해”…與 강행처리에 반기

### 鄭, 김어준 업고 합당 패착… 張, 고성국·전한길 입김에 ‘절윤’ 외면

### 모텔 남성 연쇄살해 혐의 20대女 “사망할 줄 몰랐다”

### 민희진, 하이브서 255억 받는다…‘풋옵션 소송’ 1심 승소

### ‘♥한영’ 박군, 땡잡았다

### 日홋카이도 해수욕장서 모래 파묻힌 한국인 시신 발견

### LG家 상속소송, 구광모 승소…故구본무 아내·딸 청구 기각

### 장동혁, 오늘 靑오찬 전격 불참…‘법사위 단독처리’ 등 항의

### [김순덕 칼럼]이재명 대통령은 격노하지 않았다

### 조희대 “재판소원 국민에 엄청난 피해”…與 강행처리에 반기

### 장동혁 “등 뒤에 칼 숨기고 악수 청하는데 응할 수 없어”

### 鄭, 김어준 업고 합당 패착… 張, 고성국·전한길 입김에 ‘절윤’ 외면

### [사설]손바닥 뒤집듯 하는 張, 자기 中心이라는 게 있나

### 김종혁 “장동혁은 전한길-고성국의 숙주…윤어게인, 張 통해 목소리내”[정치를 부탁해]

### ‘李대통령 지지’ 이원종도 떨어졌다…콘진원장 후보 5명 전원탈락

### “김건희 입니다…죄 많은 저에게도 사랑 주시는 분들” 옥중편지

### [단독]국방부 “주택공급 위해 국방硏 이전 반대…정부 일방발표”

### 당신만 안 본 뉴스

中 ‘민폐 주행’에 메달 날린 네덜란드 선수 “가슴 찢어진다”

### 中 ‘민폐 주행’에 메달 날린 네덜란드 선수 “가슴 찢어진다”

국중박, ‘블랙핑크’로 물든다…K팝 아티스트 최초 협업","다음 뉴스 기사들의 핵심 내용을 한국어로 요약했습니다:

*   중국 바이트댄스가 사진 한 장과 간단한 프롬프트만으로 자연스러운 동영상을 생성하는 AI 모델 '시댄스 2.0'을 출시하여 화제입니다. 이는 영화·TV 산업에 '특이점'을 가져올 수 있다는 평가를 받습니다.
*   '시댄스 2.0'은 낮은 이용 장벽과 높은 품질로 '가성비 쇼크'를 주며, 오픈AI의 소라2 등 경쟁 모델보다 앞선 성능을 보여준다는 분석이 나왔습니다. 이로 인해 중국 관련 기업들의 주식 랠리가 촉발되기도 했습니다.
*   중국 관영 매체들은 '시댄스 2.0'의 출시를 통해 미중 간 AI 기술 격차가 현저히 줄어들고 있으며, 중국이 글로벌 AI 무대 전면에 부상하고 있다고 강조했습니다.
*   그러나 '시댄스 2.0'이 글로벌 숏폼 플랫폼 틱톡 이용자 데이터를 무단으로 학습하여 사용자의 목소리를 허락 없이 재현하고 가상 이미지를 생성한다는 의혹이 제기되었습니다.
*   특히, 얼굴 사진만 제공했음에도 AI가 목소리를 찾아내 더빙하고 사진 속 인물의 배경 정보까지 알고 있었다는 구체적인 주장이 나와 무단 정보 수집 논란이 커지고 있습니다."
시댄스 2.0-202602121503,2026-02-12 15:03:33.235284,시댄스 2.0,4,“잔고 9억 있다더니”…AI 위조 서류로 판사까지 속였다 - KBS 뉴스,https://news.kbs.co.kr/news/view.do?ncd=8483947,"날씨 캐시 이미지
날씨 캐시 이미지
날씨 캐시 이미지
날씨 캐시 이미지
날씨 캐시 이미지
날씨 캐시 이미지
날씨 캐시 이미지
날씨 캐시 이미지
날씨 캐시 이미지
날씨 캐시 이미지

# 

“잔고 9억 있다더니”…AI 위조 서류로 판사까지 속였다

## 전체메뉴

### 분야별

### TV 뉴스

#### 1TV 뉴스

#### 2TV 뉴스

#### 1TV 경인

#### 뉴스특보

### 심층취재

### 시사프로그램

#### 시사프로그램

#### 라디오

### 지역뉴스

### 바로가기

### 공지·정정

어떤 기사를 찾으시나요?

추천 인기 키워드

현재 관심이 높아지고 있는 키워드 입니다.

많이 본 뉴스

1

공지사항

## 본문영역

## 기사 본문 영역

#### “잔고 9억 있다더니”…AI 위조 서류로 판사까지 속였다

읽어주기 기능은 크롬기반의  
브라우저에서만 사용하실 수 있습니다.

thumbnail
thumbnail

중국 영상 AI ‘시댄스 2.0’ 돌풍…숏폼 드라마도 ‘뚝딱’

중국 영상 AI ‘시댄스 2.0’ 돌풍…숏폼 드라마도 ‘뚝딱’
“재물운 좋다” 사주로 앱 설치 유인한 투자 사기

“재물운 좋다” 사주로 앱 설치 유인한 투자 사기

이준석

이준석 기자
alleylee@kbs.co.kr

이준석

#### 이 기사가 좋으셨다면

좋아요

0

응원해요

0

후속 원해요

0

#### 오늘의 핫 클릭

실시간 뜨거운 관심을 받고 있는 뉴스

#### 이 기사에 대한 의견을 남겨주세요.

#### 헤드라인 [...] 실시간 뜨거운 관심을 받고 있는 뉴스

#### 이 기사에 대한 의견을 남겨주세요.

#### 헤드라인

![[속보] 재판부 “이상민, 내란중요임무종사 행위 인정”](/data/layer/904/2026/02/20260212_WGMwcO.jpg)

[속보] 재판부 “이상민, 내란중요임무종사 행위 인정”

![[속보] 헌법존중TF “12·3 불법계엄, ‘위로부터의 내란’ 확인…징계 요구 89건·수사의뢰 110건”](/data/news/2026/02/12/20260212_4A2Yyz.png)

[속보] 헌법존중TF “12·3 불법계엄, ‘위로부터의 내란’ 확인…징계 요구 89건·수사의뢰 110건”

이 대통령·여야 대표 회동 무산…장동혁 “불참 통보”

이 대통령·여야 대표 회동 무산…장동혁 “불참 통보”

법무부, ‘1억 공천헌금’ 강선우 의원 체포동의 요청 국회 제출

법무부, ‘1억 공천헌금’ 강선우 의원 체포동의 요청 국회 제출

크랩

#### 많이 본 뉴스

각 플랫폼에서 최근 1시간 동안 많이 본   
KBS 기사를 제공합니다.

어떻게 여기까지…도로 아래 배수구서 구출된 희귀동물 ‘매너티’

강북 모텔서 남성 잇달아 의문사…20대 여성 긴급체포

“엄마, 마음에 들어?” 한국어 생생…푸껫서 수영복 훔친 여성

“계란 훔쳐 감옥 가지 말자” 대통령 설 연휴 앞두고 찾은 곳

“아틀라스 충격, 골든타임은 3년”…다가올 미래는?

지붕까지 폭설 오던 마을에 눈이 사라졌다…겨울 축제도 중단

준비중입니다.

## 전체메뉴

### 분야별

### TV 뉴스

#### 1TV 뉴스

#### 2TV 뉴스 [...] ## 전체메뉴

### 분야별

### TV 뉴스

#### 1TV 뉴스

#### 2TV 뉴스

#### 1TV 경인

#### 뉴스특보

### 심층취재

### 시사프로그램

#### 시사프로그램

#### 라디오

### 지역뉴스

### 바로가기

### 공지·정정

공지사항

Copyright ⓒ KBS. All rights reserved. 무단 전재, 재배포 및 이용(AI 학습 포함) 금지

공유하기

요약내용

요약 내용은 네이버 및 OpenAI 社의 AI 서비스를 통해 제공하고 있습니다.  
기사의 내용을 올바르게 이해하기 위해서는 본문을 함께 읽어야 합니다.

동영상 퍼가기

KBS 뉴스 사이트 동영상을 퍼가면 KBS 뉴스의 서비스  
이용정책에 동의하는 것으로 간주합니다.","다음 뉴스 기사들의 핵심 내용을 한국어로 요약했습니다:

*   중국 바이트댄스가 사진 한 장과 간단한 프롬프트만으로 자연스러운 동영상을 생성하는 AI 모델 '시댄스 2.0'을 출시하여 화제입니다. 이는 영화·TV 산업에 '특이점'을 가져올 수 있다는 평가를 받습니다.
*   '시댄스 2.0'은 낮은 이용 장벽과 높은 품질로 '가성비 쇼크'를 주며, 오픈AI의 소라2 등 경쟁 모델보다 앞선 성능을 보여준다는 분석이 나왔습니다. 이로 인해 중국 관련 기업들의 주식 랠리가 촉발되기도 했습니다.
*   중국 관영 매체들은 '시댄스 2.0'의 출시를 통해 미중 간 AI 기술 격차가 현저히 줄어들고 있으며, 중국이 글로벌 AI 무대 전면에 부상하고 있다고 강조했습니다.
*   그러나 '시댄스 2.0'이 글로벌 숏폼 플랫폼 틱톡 이용자 데이터를 무단으로 학습하여 사용자의 목소리를 허락 없이 재현하고 가상 이미지를 생성한다는 의혹이 제기되었습니다.
*   특히, 얼굴 사진만 제공했음에도 AI가 목소리를 찾아내 더빙하고 사진 속 인물의 배경 정보까지 알고 있었다는 구체적인 주장이 나와 무단 정보 수집 논란이 커지고 있습니다."
시댄스 2.0-202602121503,2026-02-12 15:03:33.235284,시댄스 2.0,5,China's Seedance 2.0 sparks buzz - KBS 뉴스,https://news.kbs.co.kr/news/view.do?ncd=8484180,"# 

# 

어떤 기사를 찾으시나요?

1TV 뉴스

2TV 뉴스

1TV 경인

뉴스특보

시사프로그램

라디오

공지

## 본문영역

#### China’s Seedance 2.0 sparks buzz

입력 2026.02.12 (01:16)

안내

읽어주기 기능은 크롬기반의 브라우저에만 사용하실 수 있습니다.

요약 내용

요약 내용은 네이버 및 OpenAI 社의 AI 서비스를 통해 제공하고 있습니다.  
기사의 내용을 올바르게 이해하기 위해서는 본문을 함께 읽어야 합니다.

동영상 재생 설정

화질

재생 속도

자막

자동재생

KBS 뉴스 이미지

#### 이 기사가 좋으셨다면

좋아요

0

응원해요

0

후속 원해요

0

#### 오늘의 핫 클릭

청와대 브리핑 “장동혁 불참에 오찬 취소…소통·협치 기회 놓친 점 아쉬워”

청와대 브리핑 “장동혁 불참에 오찬 취소…소통·협치 기회 놓친 점 아쉬워”

1시간 앞두고 청와대 오찬 불참 통보…“들러리 서지 말라” 반대에

1시간 앞두고 청와대 오찬 불참 통보…“들러리 서지 말라” 반대에

“우리같은 사람 휴가 없다” 이 대통령, 공직자 자세 거듭 강조

“우리같은 사람 휴가 없다” 이 대통령, 공직자 자세 거듭 강조

30대 남성 집에서 나온 여성 속옷 137장 ‘경악’

30대 남성 집에서 나온 여성 속옷 137장 ‘경악’

“하늘에서 자기 탓하고 있을까봐”…울음바다 된 헬기 순직자 영결식

“하늘에서 자기 탓하고 있을까봐”…울음바다 된 헬기 순직자 영결식

“엄마와 남동생도 죽였다”…캐나다 경찰이 밝힌 총기난사범은 ‘18세 제시’ [...] 9층시사국 바로가기

더보다 바로가기

상단 네비게이션

howToUse01

1.제보하기

2.기사검색

3.주요 메뉴 바로가기

기사 보기 편의기능

howToUse02

1.기사 읽어주기

2.기사 요약내용 보기

툴바 기능

howToUse03

1.댓글 및 좋아요

2.공유하기

3.야간 최적화

4.확대/축소

5.상단 이동

동영상 시청 기능

howToUse04

1.동영상 재생 시간 이동

2.자막 켜기/끄기

3.설정

4.전체 화면으로 보기

KBS+

KBS NEWS

라디오 Kong

World TV

Copyright ⓒ KBS. All rights reserved.  
무단 전재, 재배포 및 이용(AI 학습 포함) 금지 [...] “엄마와 남동생도 죽였다”…캐나다 경찰이 밝힌 총기난사범은 ‘18세 제시’

“엄마와 남동생도 죽였다”…캐나다 경찰이 밝힌 총기난사범은 ‘18세 제시’

2034 일자리 지도 : 돌봄·AI 뜨고, 판매·자동차 진다

2034 일자리 지도 : 돌봄·AI 뜨고, 판매·자동차 진다

“엄마, 마음에 들어?” 한국어 생생…푸껫서 수영복 훔친 여성

“엄마, 마음에 들어?” 한국어 생생…푸껫서 수영복 훔친 여성

#### 많이 본 뉴스

각 플랫폼 별 많이 본 기사 (최근 1시간)

어떻게 여기까지…도로 아래 배수구서 구출된 희귀동물 ‘매너티’

어떻게 여기까지…도로 아래 배수구서 구출된 희귀동물 ‘매너티’

강북 모텔서 남성 잇달아 의문사…20대 여성 긴급체포

강북 모텔서 남성 잇달아 의문사…20대 여성 긴급체포

“엄마, 마음에 들어?” 한국어 생생…푸껫서 수영복 훔친 여성

“엄마, 마음에 들어?” 한국어 생생…푸껫서 수영복 훔친 여성

“계란 훔쳐 감옥 가지 말자” 대통령 설 연휴 앞두고 찾은 곳

“계란 훔쳐 감옥 가지 말자” 대통령 설 연휴 앞두고 찾은 곳

“아틀라스 충격, 골든타임은 3년”…다가올 미래는?

“아틀라스 충격, 골든타임은 3년”…다가올 미래는?

지붕까지 폭설 오던 마을에 눈이 사라졌다…겨울 축제도 중단

지붕까지 폭설 오던 마을에 눈이 사라졌다…겨울 축제도 중단

#### 이 기사에 대한 의견을 남겨주세요.

공유하기

알림

다른 지역뉴스 바로가기

분야별 바로가기

시사프로그램 바로가기

9층시사국 바로가기

더보다 바로가기

상단 네비게이션

howToUse01

1.제보하기","다음 뉴스 기사들의 핵심 내용을 한국어로 요약했습니다:

*   중국 바이트댄스가 사진 한 장과 간단한 프롬프트만으로 자연스러운 동영상을 생성하는 AI 모델 '시댄스 2.0'을 출시하여 화제입니다. 이는 영화·TV 산업에 '특이점'을 가져올 수 있다는 평가를 받습니다.
*   '시댄스 2.0'은 낮은 이용 장벽과 높은 품질로 '가성비 쇼크'를 주며, 오픈AI의 소라2 등 경쟁 모델보다 앞선 성능을 보여준다는 분석이 나왔습니다. 이로 인해 중국 관련 기업들의 주식 랠리가 촉발되기도 했습니다.
*   중국 관영 매체들은 '시댄스 2.0'의 출시를 통해 미중 간 AI 기술 격차가 현저히 줄어들고 있으며, 중국이 글로벌 AI 무대 전면에 부상하고 있다고 강조했습니다.
*   그러나 '시댄스 2.0'이 글로벌 숏폼 플랫폼 틱톡 이용자 데이터를 무단으로 학습하여 사용자의 목소리를 허락 없이 재현하고 가상 이미지를 생성한다는 의혹이 제기되었습니다.
*   특히, 얼굴 사진만 제공했음에도 AI가 목소리를 찾아내 더빙하고 사진 속 인물의 배경 정보까지 알고 있었다는 구체적인 주장이 나와 무단 정보 수집 논란이 커지고 있습니다."
